,wrapperType,artistId,collectionId,artistName,collectionName,collectionCensoredName,artistViewUrl,collectionViewUrl,artworkUrl60,artworkUrl100,collectionPrice,collectionExplicitness,trackCount,country,currency,releaseDate,primaryGenreName,previewUrl,description,copyright,kind,trackId,trackName,trackCensoredName,trackViewUrl,artworkUrl30,trackPrice,trackExplicitness,discCount,discNumber,trackNumber,trackTimeMillis,isStreamable,collectionArtistId,collectionArtistViewUrl,trackRentalPrice,collectionHdPrice,trackHdPrice,trackHdRentalPrice,contentAdvisoryRating,shortDescription,longDescription,hasITunesExtras,collectionArtistName,amgArtistId
0,audiobook,160778930.0,1439484338.0,Bob Spitz,The Beatles (Abridged),The Beatles (Abridged),https://books.apple.com/us/author/bob-spitz/id160778930?uo=4,https://books.apple.com/us/audiobook/the-beatles-abridged/id1439484338?uo=4,https://is1-ssl.mzstatic.com/image/thumb/Music128/v4/69/b8/65/69b86591-ce4b-9bd0-ab71-3808d0ea06dc/9780743552455.jpg/60x60bb.jpg,https://is1-ssl.mzstatic.com/image/thumb/Music128/v4/69/b8/65/69b86591-ce4b-9bd0-ab71-3808d0ea06dc/9780743552455.jpg/100x100bb.jpg,16.99,notExplicit,1.0,USA,USD,2005-11-01T08:00:00Z,Biographies & Memoirs,https://audio-ssl.itunes.apple.com/itunes-assets/AudioPreview123/v4/8a/3b/60/8a3b60b6-8b98-ec66-4193-2410ade915b6/mzaf_3719604921631393408.std.aac.p.m4a,"<b>2007 Audie Award Winner for Non-Fiction, Abridged</b><br /><br />Even before the Beatles hit the big time, a myth was created. This version of the Beatles legend smoothed the rough edges and filled in the fault lines, and for more than forty years this manicured version of the Beatles story has sustained as truth -- until now.<br /> The product of almost a decade of research, hundreds of unprecedented interviews, and the discovery of scores of never-before-revealed documents, Bob Spitz's <i>The Beatles</i> is the biography fans have been waiting for.<br /> Never before has a biography of musicians been so immersive and textured. We are there in the McCartney living room when Paul and John learn to write songs together; backstage the night Ringo takes over on drums; in seedy German strip clubs where George lies about his age so the band can perform; and at the <i>Ed Sullivan Show</i> as America discovers the joy and the madness. From Shea to San Francisco, through the London night, on to India, through marmalade skies, across the universe-all the way to a rooftop concert and one last moment of laughter and music.<br /> It is all here, the highs and the lows, the love and the rivalry, the drugs, the tears, the thrill, the magic never again to be repeated. Bob Spitz's masterpiece is, at long last, the biography the Beatles deserve.",,,,,,,,,,,,,,,,,,,,,,,,,,
1,audiobook,2037074.0,1646008816.0,Hunter Davies,The Beatles,The Beatles,https://books.apple.com/us/author/hunter-davies/id2037074?uo=4,https://books.apple.com/us/audiobook/the-beatles/id1646008816?uo=4,https://is1-ssl.mzstatic.com/image/thumb/Music122/v4/a9/d4/1d/a9d41dc7-12e1-c377-71fe-019d4d5116d2/2350-square.jpg/60x60bb.jpg,https://is1-ssl.mzstatic.com/image/thumb/Music122/v4/a9/d4/1d/a9d41dc7-12e1-c377-71fe-019d4d5116d2/2350-square.jpg/100x100bb.jpg,19.99,notExplicit,1.0,USA,USD,1999-02-01T08:00:00Z,Biographies & Memoirs,https://audio-ssl.itunes.apple.com/itunes-assets/AudioPreview122/v4/cb/e1/0e/cbe10e4c-f201-18ef-55d5-069c6b4fcca1/mzaf_14191771216598309057.std.aac.p.m4a,"This worldwide bestseller is the biography that defined a band—and an era.<br /><br />As the friend and only authorized biographer of the most famous musical group in history, Davies had full access to the Beatles—including their family, friends, and colleauges—as well as their help and encouragement in writing this biography. He spent eighteen months with them when they were at the peak of their musical genius and the pinnacle of their popularity, making a mark on history and popular culture that would never fade. Davies stayed on with the Beatles through their breakup and remained friends with the individual members afterwards, enabling him to write the continuing story of their solo careers.<br /><br />First published in 1968, this newly revised edition has added information, including a new introduction and a newly discovered song lyric by George Harrison.","© 1998 by Blackstone Audio, Inc.",,,,,,,,,,,,,,,,,,,,,,,,,
2,track,157458.0,282495289.0,Daniel Johnston,Yip! Jump Music,Yip! Jump Music,https://music.apple.com/us/artist/daniel-johnston/157458?uo=4,https://music.apple.com/us/album/the-beatles/282495289?i=282495296&uo=4,https://is1-ssl.mzstatic.com/image/thumb/Music/c7/24/19/mzi.hsrvxuky.jpg/60x60bb.jpg,https://is1-ssl.mzstatic.com/image/thumb/Music/c7/24/19/mzi.hsrvxuky.jpg/100x100bb.jpg,9.99,notExplicit,20.0,USA,USD,1983-05-01T12:00:00Z,Alternative,https://audio-ssl.itunes.apple.com/itunes-assets/AudioPreview125/v4/e6/81/31/e68131e4-2889-d027-d1e2-6755e56fd434/mzaf_13627254640725098082.plus.aac.p.m4a,,,song,282495296.0,The Beatles,The Beatles,https://music.apple.com/us/album/the-beatles/282495289?i=282495296&uo=4,https://is1-ssl.mzstatic.com/image/thumb/Music/c7/24/19/mzi.hsrvxuky.jpg/30x30bb.jpg,0.99,notExplicit,1.0,1.0,2.0,145453.0,True,,,,,,,,,,,,
3,track,,1603376178.0,Joachim Rønning & Espen Sandberg,Pirates of the Caribbean 5 Movie Collection,Pirates of the Caribbean 5 Movie Collection,,https://itunes.apple.com/us/movie/pirates-of-the-caribbean-dead-men-tell-no-tales/id1237438304?uo=4,https://is1-ssl.mzstatic.com/image/thumb/Video128/v4/ef/10/bc/ef10bc9d-da6e-1c91-8373-85102511cb45/pr_source.lsr/60x60bb.jpg,https://is1-ssl.mzstatic.com/image/thumb/Video128/v4/ef/10/bc/ef10bc9d-da6e-1c91-8373-85102511cb45/pr_source.lsr/100x100bb.jpg,19.99,notExplicit,5.0,USA,USD,2017-05-26T07:00:00Z,Action & Adventure,https://video-ssl.itunes.apple.com/itunes-assets/Video127/v4/53/9d/31/539d312d-83c1-78f1-6fee-9f2f8866a740/mzvf_6396899992763116236.640x356.h264lc.U.p.m4v,,,feature-movie,1237438304.0,Pirates of the Caribbean: Dead Men Tell No Tales,Pirates of the Caribbean: Dead Men Tell No Tales,https://itunes.apple.com/us/movie/pirates-of-the-caribbean-dead-men-tell-no-tales/id1237438304?uo=4,https://is1-ssl.mzstatic.com/image/thumb/Video128/v4/ef/10/bc/ef10bc9d-da6e-1c91-8373-85102511cb45/pr_source.lsr/30x30bb.jpg,19.99,notExplicit,1.0,1.0,5.0,7785485.0,,410641764.0,https://itunes.apple.com/us/artist/buena-vista-home-entertainment-inc/410641764?uo=4,3.99,19.99,19.99,3.99,PG-13,"Thrust into an all-new adventure, a down-on-his luck Captain Jack Sparrow finds the winds of ill","Thrust into an adventure, a down-on-his luck Captain Jack Sparrow finds the winds of ill fortune blowing even more strongly when a crew of deadly ghost pirates led by an old rival, the terrifying Captain Salazar, escape from the Devil’s Triangle, determined to kill every pirate at sea...including him. His only hope of survival lies in finding the legendary Trident of Poseidon, a powerful artifact that gives its possessor total control of the seas.",True,,
4,audiobook,511539599.0,511539450.0,Michael R. Frontani,The Beatles: Image and the Media (Unabridged),The Beatles: Image and the Media (Unabridged),https://books.apple.com/us/author/michael-r-frontani/id511539599?uo=4,https://books.apple.com/us/audiobook/the-beatles-image-and-the-media-unabridged/id511539450?uo=4,https://is1-ssl.mzstatic.com/image/thumb/Music/v4/d5/42/d3/d542d37d-7227-66b0-a778-899148626619/cover.jpg/60x60bb.jpg,https://is1-ssl.mzstatic.com/image/thumb/Music/v4/d5/42/d3/d542d37d-7227-66b0-a778-899148626619/cover.jpg/100x100bb.jpg,17.99,notExplicit,1.0,USA,USD,2012-03-16T07:00:00Z,Biographies & Memoirs,https://audio-ssl.itunes.apple.com/itunes-assets/AudioPreview123/v4/5d/65/1a/5d651a9d-82be-5274-9163-8cf8cdbe8b7e/mzaf_5114064751381112440.std.aac.p.m4a,"<i>The Beatles: Image and the Media</i> charts the transformation of the Beatles from teen idols to leaders of the youth movement and powerful cultural agents. Drawing upon American mainstream print media, broadcasts, albums, films, and videos, the study covers the band's career in the United States. Michael R. Frontani explores how the Beatles' media image evolved and how this transformation related to cultural and historical events. <br /><br />Upon their arrival in the U.S., the Beatles wore sharply tailored suits and cast themselves as adorable, accessible teen heartthrobs. By the end of the decade, they had absorbed the fashion and consciousness of the burgeoning counterculture and were using their interviews, media events, and music to comment on issues such as the Vietnam War, drug culture, and civil rights. Frontani traces the steps that led to this change and comments on how the band's mantra of essential optimism never wavered despite the evolution of its media profile. The book is published by University Press of Mississippi. <br /><br />Michael R. Frontani is associate professor of communications at Elon University. His work has appeared in <i>American Journalism</i>, <i>Journal of American Culture</i>, <i>Journalism History</i>, and <i>African Studies Review</i>.",© 2012 University Press Audiobooks,,,,,,,,,,,,,,,,,,,,,,,,,
5,track,5621730.0,1025317255.0,Devendra Banhart,Cripple Crow,Cripple Crow,https://music.apple.com/us/artist/devendra-banhart/5621730?uo=4,https://music.apple.com/us/album/the-beatles/1025317255?i=1025317599&uo=4,https://is1-ssl.mzstatic.com/image/thumb/Music116/v4/7c/6c/1d/7c6c1d7b-2f32-2c40-7fa1-a9dc1482c53f/634904019204.png/60x60bb.jpg,https://is1-ssl.mzstatic.com/image/thumb/Music116/v4/7c/6c/1d/7c6c1d7b-2f32-2c40-7fa1-a9dc1482c53f/634904019204.png/100x100bb.jpg,9.99,notExplicit,22.0,USA,USD,2005-09-12T12:00:00Z,Alternative,https://audio-ssl.itunes.apple.com/itunes-assets/AudioPreview125/v4/44/c1/98/44c198a8-2a9c-dea6-d575-36141138edd6/mzaf_1061800412585949492.plus.aac.p.m4a,,,song,1025317599.0,The Beatles,The Beatles,https://music.apple.com/us/album/the-beatles/1025317255?i=1025317599&uo=4,https://is1-ssl.mzstatic.com/image/thumb/Music116/v4/7c/6c/1d/7c6c1d7b-2f32-2c40-7fa1-a9dc1482c53f/634904019204.png/30x30bb.jpg,1.29,notExplicit,1.0,1.0,10.0,104413.0,True,,,,,,,,,,,,
6,audiobook,125377525.0,189222494.0,N.N.,The Beatles - I want to hold your hand: Pop-Splits,The Beatles - I want to hold your hand: Pop-Splits,https://books.apple.com/us/author/n-n/id125377525?uo=4,https://books.apple.com/us/audiobook/the-beatles-i-want-to-hold-your-hand-pop-splits/id189222494?uo=4,https://is1-ssl.mzstatic.com/image/thumb/Music128/v4/15/d8/d2/15d8d240-d232-c02c-1926-2fcab33da76e/rm_image.jpg/60x60bb.jpg,https://is1-ssl.mzstatic.com/image/thumb/Music128/v4/15/d8/d2/15d8d240-d232-c02c-1926-2fcab33da76e/rm_image.jpg/100x100bb.jpg,1.99,notExplicit,1.0,USA,USD,2006-09-05T07:00:00Z,Nonfiction,https://audio-ssl.itunes.apple.com/itunes-assets/AudioPreview123/v4/47/b5/8e/47b58ee5-e6e4-04da-35b7-aca557f69f5c/mzaf_4114904369302677830.std.aac.p.m4a,"Dieser Popsplit handelt von dem Beatles-Song ""I want to hold your hand"" und davon, wie Bob Dylan den Beatles das Kiffen beibrachte...<br />Der Titel ist Teil des Pop-Splits ""Lust for Life -- 21 Geschichten zu Sex, Drugs &amp; Rock'n' Roll"".",© 2006 der apparat multimedia gmbh,,,,,,,,,,,,,,,,,,,,,,,,,
7,track,27068619.0,390798460.0,Shy Child,Liquid Love,Liquid Love,https://music.apple.com/us/artist/shy-child/27068619?uo=4,https://music.apple.com/us/album/the-beatles/390798460?i=390798510&uo=4,https://is1-ssl.mzstatic.com/image/thumb/Music/94/e7/6a/mzi.iwoudban.tif/60x60bb.jpg,https://is1-ssl.mzstatic.com/image/thumb/Music/94/e7/6a/mzi.iwoudban.tif/100x100bb.jpg,6.99,notExplicit,11.0,USA,USD,2010-03-15T12:00:00Z,Dance,https://audio-ssl.itunes.apple.com/itunes-assets/AudioPreview115/v4/a8/41/60/a841604e-ae62-6ab3-c818-90af7bd1fde5/mzaf_7049348694798606016.plus.aac.p.m4a,,,song,390798510.0,The Beatles,The Beatles,https://music.apple.com/us/album/the-beatles/390798460?i=390798510&uo=4,https://is1-ssl.mzstatic.com/image/thumb/Music/94/e7/6a/mzi.iwoudban.tif/30x30bb.jpg,0.99,notExplicit,1.0,1.0,5.0,264200.0,True,,,,,,,,,,,,
8,audiobook,4416594.0,1684902737.0,"John Lennon, Paul McCartney & George Harrison",The Beatles: The Interviews,The Beatles: The Interviews,https://music.apple.com/us/artist/john-lennon/4416594?uo=4,https://books.apple.com/us/audiobook/the-beatles-the-interviews/id1684902737?uo=4,https://is1-ssl.mzstatic.com/image/thumb/Music116/v4/d7/54/33/d75433d3-5d21-f3d8-8c5c-153a47feeb9c/9781789322866.jpg/60x60bb.jpg,https://is1-ssl.mzstatic.com/image/thumb/Music116/v4/d7/54/33/d75433d3-5d21-f3d8-8c5c-153a47feeb9c/9781789322866.jpg/100x100bb.jpg,3.99,notExplicit,1.0,USA,USD,2023-06-06T07:00:00Z,Nonfiction,https://audio-ssl.itunes.apple.com/itunes-assets/AudioPreview126/v4/cb/fc/96/cbfc9624-7724-236b-7cf5-cf9efcfc2542/mzaf_13493701566945974729.std.aac.p.m4a,"A fantastic, entertaining collection of radio interviews from world famous band the Beatles' June 1946 tour of the ""Down Under"" - Australia and New Zealand.",© 2023 One Media iP Ltd,,,,,,,,,,,,,,,,,,,,,,,,,
9,track,,,Akiva Schaffer & Jorma Taccone,,,,,https://is1-ssl.mzstatic.com/image/thumb/Video20/v4/c6/7b/4b/c67b4be8-0e76-c502-508b-9c5b95a060f8/pr_source.lsr/60x60bb.jpg,https://is1-ssl.mzstatic.com/image/thumb/Video20/v4/c6/7b/4b/c67b4be8-0e76-c502-508b-9c5b95a060f8/pr_source.lsr/100x100bb.jpg,14.99,notExplicit,,USA,USD,2016-06-03T07:00:00Z,Comedy,https://video-ssl.itunes.apple.com/itunes-assets/Video82/v4/a0/0f/a1/a00fa1d8-ac22-1d47-5040-571bfa281707/mzvf_5615420441975685039.640x354.h264lc.U.p.m4v,,,feature-movie,1113248686.0,Popstar: Never Stop Never Stopping,Popstar: Never Stop Never Stopping,https://itunes.apple.com/us/movie/popstar-never-stop-never-stopping/id1113248686?uo=4,https://is1-ssl.mzstatic.com/image/thumb/Video20/v4/c6/7b/4b/c67b4be8-0e76-c502-508b-9c5b95a060f8/pr_source.lsr/30x30bb.jpg,14.99,notExplicit,,,,5190482.0,,,,3.99,14.99,14.99,3.99,R,"After a two-year, sold-out, worldwide tour, Conner4Real (Andy Samberg) is the biggest name in music","After a two-year, sold-out, worldwide tour, Conner4Real (Andy Samberg) is the biggest name in music. Go behind the scenes as Conner faces a crisis of popularity after this sophomore album flops, leaving fans, sycophants and rivals all wondering what to do when Conner4Real is no longer the dopest star of all. The hilarious comedy from blockbuster producer Judd Apatow (Trainwreck, Superbad, Knocked Up) and digital short superstars, The Lonely Island, is loaded with cameos from the biggest names in comedy and music.",True,,
10,audiobook,2065398.0,1577202026.0,Geoffrey Giuliano,The Beatles: 50 Years (Unabridged),The Beatles: 50 Years (Unabridged),https://books.apple.com/us/author/geoffrey-giuliano/id2065398?uo=4,https://books.apple.com/us/audiobook/the-beatles-50-years-unabridged/id1577202026?uo=4,https://is1-ssl.mzstatic.com/image/thumb/Music125/v4/29/0b/15/290b15ae-002a-c0e2-d043-8d3ca255d45c/rm_image.jpg/60x60bb.jpg,https://is1-ssl.mzstatic.com/image/thumb/Music125/v4/29/0b/15/290b15ae-002a-c0e2-d043-8d3ca255d45c/rm_image.jpg/100x100bb.jpg,4.99,notExplicit,1.0,USA,USD,2021-06-30T07:00:00Z,Biographies & Memoirs,https://audio-ssl.itunes.apple.com/itunes-assets/AudioPreview125/v4/36/f7/48/36f74837-1f19-44a8-d7cf-fcade022e25b/mzaf_9684547846062066580.std.aac.p.m4a,"The Beatles, the most famous rock group in the world, continue to entertain, inspire, and even educate listeners to this very day. Here is their story as told by the people who knew them best, and of course, the Beatles themselves. A once-in-a-lifetime audio event.<br /><br />Production executive Avalon Giuliano in London<br /><br />ICON Intern Eden Giuliano in Delhi<br /><br />Music by AudioNautix with their kind permission",© 2021 Author's Republic,,,,,,,,,,,,,,,,,,,,,,,,,
11,audiobook,4416594.0,1684903099.0,"John Lennon, Paul McCartney & George Harrison",The Beatles: Around the World,The Beatles: Around the World,https://music.apple.com/us/artist/john-lennon/4416594?uo=4,https://books.apple.com/us/audiobook/the-beatles-around-the-world/id1684903099?uo=4,https://is1-ssl.mzstatic.com/image/thumb/Music126/v4/a0/3c/af/a03caf5d-59a9-b228-0b8a-3fade9428f22/9781789322842.jpg/60x60bb.jpg,https://is1-ssl.mzstatic.com/image/thumb/Music126/v4/a0/3c/af/a03caf5d-59a9-b228-0b8a-3fade9428f22/9781789322842.jpg/100x100bb.jpg,3.99,notExplicit,1.0,USA,USD,2023-06-06T07:00:00Z,Nonfiction,https://audio-ssl.itunes.apple.com/itunes-assets/AudioPreview116/v4/0f/c6/38/0fc638e9-c8cc-581f-c722-66ab113dd390/mzaf_6987364502777018138.std.aac.p.m4a,"A collection of Beatles' interviews and promotional content from around the world, ranging from Doncaster to Indianapolis to the Bahamas, between 1963-1965.",© 2023 One Media iP Ltd,,,,,,,,,,,,,,,,,,,,,,,,,
12,track,157458.0,284715166.0,Daniel Johnston,Lost and Found,Lost and Found,https://music.apple.com/us/artist/daniel-johnston/157458?uo=4,https://music.apple.com/us/album/the-beatles/284715166?i=284715205&uo=4,https://is1-ssl.mzstatic.com/image/thumb/Music/44/08/17/mzi.abwpkmbg.jpg/60x60bb.jpg,https://is1-ssl.mzstatic.com/image/thumb/Music/44/08/17/mzi.abwpkmbg.jpg/100x100bb.jpg,9.99,notExplicit,14.0,USA,USD,2006-04-18T12:00:00Z,Alternative,https://audio-ssl.itunes.apple.com/itunes-assets/AudioPreview115/v4/93/c5/79/93c57982-4095-7513-9dae-83cbfa9676bd/mzaf_17451398475858913466.plus.aac.p.m4a,,,song,284715205.0,The Beatles,The Beatles,https://music.apple.com/us/album/the-beatles/284715166?i=284715205&uo=4,https://is1-ssl.mzstatic.com/image/thumb/Music/44/08/17/mzi.abwpkmbg.jpg/30x30bb.jpg,0.99,notExplicit,1.0,1.0,3.0,144600.0,True,,,,,,,,,,,,
13,track,329275.0,207315427.0,Joe Diffie,16 Biggest Hits: Joe Diffie,16 Biggest Hits: Joe Diffie,https://music.apple.com/us/artist/joe-diffie/329275?uo=4,https://music.apple.com/us/album/bigger-than-the-beatles/207315427?i=207316133&uo=4,https://is1-ssl.mzstatic.com/image/thumb/Features115/v4/f7/69/95/f7699529-e7a5-6b5c-10b0-0f1299777f4e/dj.zeytwggc.jpg/60x60bb.jpg,https://is1-ssl.mzstatic.com/image/thumb/Features115/v4/f7/69/95/f7699529-e7a5-6b5c-10b0-0f1299777f4e/dj.zeytwggc.jpg/100x100bb.jpg,9.99,notExplicit,16.0,USA,USD,1995-11-27T08:00:00Z,Country,https://audio-ssl.itunes.apple.com/itunes-assets/AudioPreview125/v4/5e/fc/99/5efc9994-9ef8-6ed4-ed09-946b9949cf37/mzaf_10395587702733332197.plus.aac.p.m4a,,,song,207316133.0,Bigger Than the Beatles,Bigger Than the Beatles,https://music.apple.com/us/album/bigger-than-the-beatles/207315427?i=207316133&uo=4,https://is1-ssl.mzstatic.com/image/thumb/Features115/v4/f7/69/95/f7699529-e7a5-6b5c-10b0-0f1299777f4e/dj.zeytwggc.jpg/30x30bb.jpg,1.29,notExplicit,1.0,1.0,13.0,235427.0,True,,,,,,,,,,,,
14,audiobook,1650548411.0,1650549326.0,Radha Krsna Das,The Beatles: Yoga Secrets,The Beatles: Yoga Secrets,https://books.apple.com/us/author/radha-krsna-das/id1650548411?uo=4,https://books.apple.com/us/audiobook/the-beatles-yoga-secrets/id1650549326?uo=4,https://is1-ssl.mzstatic.com/image/thumb/Music122/v4/90/81/98/908198ac-4052-3380-5e25-e5c31ec42987/9798887674223_cover.jpg/60x60bb.jpg,https://is1-ssl.mzstatic.com/image/thumb/Music122/v4/90/81/98/908198ac-4052-3380-5e25-e5c31ec42987/9798887674223_cover.jpg/100x100bb.jpg,12.99,notExplicit,1.0,USA,USD,2022-05-13T07:00:00Z,Biographies & Memoirs,https://audio-ssl.itunes.apple.com/itunes-assets/AudioPreview112/v4/dc/f9/0b/dcf90bd0-c6f0-bace-6955-221d4672897c/mzaf_3286095991918685098.std.aac.p.m4a,"In 1968, the Beatles trekked to a remote, mysterious, and beautiful part of India known as Rishikesh, or the valley of the saints. For literally thousands of years, this remote riverside valley has been a magnet for advanced yogis, mystics, and seekers of truth. In 1968, it was the absolute zenith of all of this and the pop world as well. It was here the Beatles wrote dozens of now iconic songs while meditating at the feet of the lauded spiritual master. Along with many of the world's most celebrated people, the group once again led the way as innovators in not only music, but innate spirituality as well. Fifty years later, we remember the group's bold trek and artistic accomplishment in this inspirational audio biography from Beatles author and historian Geoffrey Giuliano. The Maharishi, the Beatles, and friends tell their own story in this one-of-a-kind celebration of a magical time gone by. If you are a fan of the Beatles and love their music, you have to have this extended, in-depth look at the birth of The Beatles' White Album. In 1992 Geoffrey Giuliano was asked if he would do an exclusive interview with the Maharishi in Switzerland. The author readily agreed as the reclusive spiritual master almost never met the press and he was embarking on an ambitious program of mass meditation to try to purify vast areas of the United States. After a great deal of negotiation, the two finally got together on Christmas Eve and had a prolonged, stirring conversation that is documented here. In addition, the Maharishi was joined by the late world-class magician Doug Henning. Put together with a chronological, historical narration by Giuliano, here is your chance to go one on one with one of the greatest spiritual minds of our time. This is the complete, exhaustive, untold story of the Beatles and the Maharishi, circa 1968.",© 2022 E. Giuliano,,,,,,,,,,,,,,,,,,,,,,,,,
15,audiobook,265867174.0,266241608.0,Larry Kane,Ticket to Ride: Inside the Beatles' 1964 and 1965 Tours that Changed the World (Unabridged),Ticket to Ride: Inside the Beatles' 1964 and 1965 Tours that Changed the World (Unabridged),https://books.apple.com/us/author/larry-kane/id265867174?uo=4,https://books.apple.com/us/audiobook/ticket-to-ride-inside-the-beatles-1964-and-1965/id266241608?uo=4,https://is1-ssl.mzstatic.com/image/thumb/Music/a0/27/0e/mzi.mpfyimyn.jpg/60x60bb.jpg,https://is1-ssl.mzstatic.com/image/thumb/Music/a0/27/0e/mzi.mpfyimyn.jpg/100x100bb.jpg,4.99,notExplicit,1.0,USA,USD,2007-09-27T07:00:00Z,Biographies & Memoirs,https://audio-ssl.itunes.apple.com/itunes-assets/AudioPreview123/v4/07/7b/db/077bdb47-1306-fc1e-55bc-cb80b2f815a3/mzaf_6870191578483056977.std.aac.p.m4a,<i>Ticket to Ride</i> recounts broadcast journalist Larry Kane's travels with the Beatles during their first North American tour. The book provides an intimate look at the Fab Four and contains original interview recordings with the band conducted during the tour.,© 2007 DLO Records,,,,,,,,,,,,,,,,,,,,,,,,,
16,track,136975.0,1441133100.0,The Beatles,The Beatles 1967-1970 (The Blue Album),The Beatles 1967-1970 (The Blue Album),https://music.apple.com/us/artist/the-beatles/136975?uo=4,https://music.apple.com/us/album/hey-jude/1441133100?i=1441133277&uo=4,https://is1-ssl.mzstatic.com/image/thumb/Music126/v4/a6/8b/65/a68b657c-cac6-68e6-3bde-b79d58fbc795/18UMGIM30762.rgb.jpg/60x60bb.jpg,https://is1-ssl.mzstatic.com/image/thumb/Music126/v4/a6/8b/65/a68b657c-cac6-68e6-3bde-b79d58fbc795/18UMGIM30762.rgb.jpg/100x100bb.jpg,19.99,notExplicit,14.0,USA,USD,1968-08-26T12:00:00Z,Rock,https://audio-ssl.itunes.apple.com/itunes-assets/AudioPreview122/v4/3b/ef/5e/3bef5efe-973b-7680-18b2-5298380fbbe2/mzaf_4619540348412185632.plus.aac.p.m4a,,,song,1441133277.0,Hey Jude,Hey Jude,https://music.apple.com/us/album/hey-jude/1441133100?i=1441133277&uo=4,https://is1-ssl.mzstatic.com/image/thumb/Music126/v4/a6/8b/65/a68b657c-cac6-68e6-3bde-b79d58fbc795/18UMGIM30762.rgb.jpg/30x30bb.jpg,1.29,notExplicit,2.0,1.0,13.0,431333.0,True,,,,,,,,,,,,
17,track,136975.0,1441133180.0,The Beatles,The Beatles (The White Album),The Beatles (The White Album),https://music.apple.com/us/artist/the-beatles/136975?uo=4,https://music.apple.com/us/album/blackbird/1441133180?i=1441133834&uo=4,https://is1-ssl.mzstatic.com/image/thumb/Music115/v4/fa/5b/89/fa5b898d-bad6-e053-4195-260e5c74f2bb/00602567725466.rgb.jpg/60x60bb.jpg,https://is1-ssl.mzstatic.com/image/thumb/Music115/v4/fa/5b/89/fa5b898d-bad6-e053-4195-260e5c74f2bb/00602567725466.rgb.jpg/100x100bb.jpg,19.99,notExplicit,17.0,USA,USD,1968-11-22T12:00:00Z,Rock,https://audio-ssl.itunes.apple.com/itunes-assets/AudioPreview126/v4/81/92/53/81925382-68ea-cee8-2f91-f824ac1dc455/mzaf_8008503031387003585.plus.aac.p.m4a,,,song,1441133834.0,Blackbird,Blackbird,https://music.apple.com/us/album/blackbird/1441133180?i=1441133834&uo=4,https://is1-ssl.mzstatic.com/image/thumb/Music115/v4/fa/5b/89/fa5b898d-bad6-e053-4195-260e5c74f2bb/00602567725466.rgb.jpg/30x30bb.jpg,1.29,notExplicit,3.0,1.0,11.0,138387.0,True,,,,,,,,,,,,
18,track,136975.0,1441133180.0,The Beatles,The Beatles (The White Album),The Beatles (The White Album),https://music.apple.com/us/artist/the-beatles/136975?uo=4,https://music.apple.com/us/album/birthday/1441133180?i=1441134086&uo=4,https://is1-ssl.mzstatic.com/image/thumb/Music115/v4/fa/5b/89/fa5b898d-bad6-e053-4195-260e5c74f2bb/00602567725466.rgb.jpg/60x60bb.jpg,https://is1-ssl.mzstatic.com/image/thumb/Music115/v4/fa/5b/89/fa5b898d-bad6-e053-4195-260e5c74f2bb/00602567725466.rgb.jpg/100x100bb.jpg,19.99,notExplicit,13.0,USA,USD,1968-11-22T12:00:00Z,Rock,https://audio-ssl.itunes.apple.com/itunes-assets/AudioPreview126/v4/7b/86/45/7b8645d9-9795-fa5f-2857-cd71c0db138f/mzaf_3620633884048651190.plus.aac.p.m4a,,,song,1441134086.0,Birthday,Birthday,https://music.apple.com/us/album/birthday/1441133180?i=1441134086&uo=4,https://is1-ssl.mzstatic.com/image/thumb/Music115/v4/fa/5b/89/fa5b898d-bad6-e053-4195-260e5c74f2bb/00602567725466.rgb.jpg/30x30bb.jpg,1.29,notExplicit,3.0,2.0,1.0,162080.0,True,,,,,,,,,,,,
19,track,292320406.0,634222874.0,William Clark Green,Rose Queen,Rose Queen,https://music.apple.com/us/artist/william-clark-green/292320406?uo=4,https://music.apple.com/us/album/she-likes-the-beatles/634222874?i=634222880&uo=4,https://is1-ssl.mzstatic.com/image/thumb/Music124/v4/0c/9c/f0/0c9cf025-1680-c19c-18da-1614a35db536/887516269752.jpg/60x60bb.jpg,https://is1-ssl.mzstatic.com/image/thumb/Music124/v4/0c/9c/f0/0c9cf025-1680-c19c-18da-1614a35db536/887516269752.jpg/100x100bb.jpg,9.99,explicit,11.0,USA,USD,2013-04-30T12:00:00Z,Country,https://audio-ssl.itunes.apple.com/itunes-assets/AudioPreview115/v4/d0/fb/78/d0fb7855-95c1-788b-091c-f2b891b31554/mzaf_5571202285629990590.plus.aac.p.m4a,,,song,634222880.0,She Likes the Beatles,She Likes the Beatles,https://music.apple.com/us/album/she-likes-the-beatles/634222874?i=634222880&uo=4,https://is1-ssl.mzstatic.com/image/thumb/Music124/v4/0c/9c/f0/0c9cf025-1680-c19c-18da-1614a35db536/887516269752.jpg/30x30bb.jpg,0.99,notExplicit,1.0,1.0,5.0,256760.0,True,,,,,,,,,,,,
20,track,136975.0,1441133180.0,The Beatles,The Beatles (The White Album),The Beatles (The White Album),https://music.apple.com/us/artist/the-beatles/136975?uo=4,https://music.apple.com/us/album/ob-la-di-ob-la-da/1441133180?i=1441133613&uo=4,https://is1-ssl.mzstatic.com/image/thumb/Music115/v4/fa/5b/89/fa5b898d-bad6-e053-4195-260e5c74f2bb/00602567725466.rgb.jpg/60x60bb.jpg,https://is1-ssl.mzstatic.com/image/thumb/Music115/v4/fa/5b/89/fa5b898d-bad6-e053-4195-260e5c74f2bb/00602567725466.rgb.jpg/100x100bb.jpg,19.99,notExplicit,17.0,USA,USD,1968-11-22T12:00:00Z,Rock,https://audio-ssl.itunes.apple.com/itunes-assets/AudioPreview126/v4/fa/7a/07/fa7a0768-b29a-b76e-6063-37758da7002d/mzaf_3774014856268767479.plus.aac.p.m4a,,,song,1441133613.0,"Ob-La-Di, Ob-La-Da","Ob-La-Di, Ob-La-Da",https://music.apple.com/us/album/ob-la-di-ob-la-da/1441133180?i=1441133613&uo=4,https://is1-ssl.mzstatic.com/image/thumb/Music115/v4/fa/5b/89/fa5b898d-bad6-e053-4195-260e5c74f2bb/00602567725466.rgb.jpg/30x30bb.jpg,1.29,notExplicit,3.0,1.0,4.0,188960.0,True,,,,,,,,,,,,
21,track,829356035.0,1192834622.0,Rae Sremmurd,"NOW That's What I Call Music, Vol. 61","NOW That's What I Call Music, Vol. 61",https://music.apple.com/us/artist/rae-sremmurd/829356035?uo=4,https://music.apple.com/us/album/black-beatles-feat-gucci-mane/1192834622?i=1192834844&uo=4,https://is1-ssl.mzstatic.com/image/thumb/Music111/v4/da/c9/fb/dac9fba6-3f6b-b492-1671-f6c53134e855/886446299235.jpg/60x60bb.jpg,https://is1-ssl.mzstatic.com/image/thumb/Music111/v4/da/c9/fb/dac9fba6-3f6b-b492-1671-f6c53134e855/886446299235.jpg/100x100bb.jpg,7.99,explicit,22.0,USA,USD,2016-01-01T12:00:00Z,Pop,https://audio-ssl.itunes.apple.com/itunes-assets/AudioPreview115/v4/a6/f9/7e/a6f97eae-5a33-956c-2109-2cf75f9c33d2/mzaf_10457597138412180039.plus.aac.p.m4a,,,song,1192834844.0,Black Beatles (feat. Gucci Mane),Black Beatles (feat. Gucci Mane),https://music.apple.com/us/album/black-beatles-feat-gucci-mane/1192834622?i=1192834844&uo=4,https://is1-ssl.mzstatic.com/image/thumb/Music111/v4/da/c9/fb/dac9fba6-3f6b-b492-1671-f6c53134e855/886446299235.jpg/30x30bb.jpg,-1.0,cleaned,1.0,1.0,7.0,291080.0,True,80204262.0,,,,,,Clean,,,,Various Artists,
22,track,,,Ron Howard,,,,,https://is1-ssl.mzstatic.com/image/thumb/Video113/v4/4d/d1/12/4dd11293-02ca-b585-1767-b8eabc494700/00602557271515.jpg/60x60bb.jpg,https://is1-ssl.mzstatic.com/image/thumb/Video113/v4/4d/d1/12/4dd11293-02ca-b585-1767-b8eabc494700/00602557271515.jpg/100x100bb.jpg,14.99,notExplicit,,USA,USD,2016-11-17T08:00:00Z,Music Documentaries,https://video-ssl.itunes.apple.com/itunes-assets/Video123/v4/cc/11/6c/cc116c0d-7997-d107-e88d-0e3e54e45759/mzvf_2177426969534231721.640x358.h264lc.U.p.m4v,,,feature-movie,1468185021.0,The Beatles: Eight Days a Week - The Touring Years,The Beatles: Eight Days a Week - The Touring Years,https://itunes.apple.com/us/movie/the-beatles-eight-days-a-week-the-touring-years/id1468185021?uo=4,https://is1-ssl.mzstatic.com/image/thumb/Video113/v4/4d/d1/12/4dd11293-02ca-b585-1767-b8eabc494700/00602557271515.jpg/30x30bb.jpg,14.99,notExplicit,,,,6344703.0,,,,3.99,17.99,17.99,3.99,NR,"In 1962 four young men - John Lennon, Paul McCartney, George Harrison and Ringo Starr - came","In 1962 four young men - John Lennon, Paul McCartney, George Harrison and Ringo Starr - came together to form the 20th century musical phenomenon known as 'The Beatles'. The band stormed Europe in 1963 and, in 1964, they conquered America. Their groundbreaking world tours changed global youth culture forever and, arguably, invented mass entertainment as we know it today. All the while, the group were composing and recording a series of extraordinarily successful singles and albums. However, the relentless pressure of such unprecedented fame (which in 1966 became uncontrollable turmoil) led to the decision to stop touring. In the ensuing years The Beatles were then free to focus on a series of albums that changed the face of recorded music. Master storyteller and Oscar winner, Ron Howard, explores this incredible journey in his own unique way: How did The Beatles do this? How did they cope with all the fame and pressure? How did they not only survive, but go on to revolutionise popular music? With original interviews, footage, staggering live performances, and the intimate study of character that Ron Howard is known for, he puts us right inside this extraordinary adventure, answering the question everyone always wants to know: What was it like to be there?",,,
23,track,136975.0,1441133180.0,The Beatles,The Beatles (The White Album),The Beatles (The White Album),https://music.apple.com/us/artist/the-beatles/136975?uo=4,https://music.apple.com/us/album/while-my-guitar-gently-weeps/1441133180?i=1441133644&uo=4,https://is1-ssl.mzstatic.com/image/thumb/Music115/v4/fa/5b/89/fa5b898d-bad6-e053-4195-260e5c74f2bb/00602567725466.rgb.jpg/60x60bb.jpg,https://is1-ssl.mzstatic.com/image/thumb/Music115/v4/fa/5b/89/fa5b898d-bad6-e053-4195-260e5c74f2bb/00602567725466.rgb.jpg/100x100bb.jpg,19.99,notExplicit,17.0,USA,USD,1968-11-22T12:00:00Z,Rock,https://audio-ssl.itunes.apple.com/itunes-assets/AudioPreview126/v4/99/80/2c/99802c5c-8e6e-56d7-0397-e9e7df16c20b/mzaf_17968234296841079168.plus.aac.p.m4a,,,song,1441133644.0,While My Guitar Gently Weeps,While My Guitar Gently Weeps,https://music.apple.com/us/album/while-my-guitar-gently-weeps/1441133180?i=1441133644&uo=4,https://is1-ssl.mzstatic.com/image/thumb/Music115/v4/fa/5b/89/fa5b898d-bad6-e053-4195-260e5c74f2bb/00602567725466.rgb.jpg/30x30bb.jpg,1.29,notExplicit,3.0,1.0,7.0,285000.0,True,,,,,,,,,,,,
24,audiobook,428824569.0,1425620833.0,Thomas Bleskin,The Beatles - The Audiostory (English Version),The Beatles - The Audiostory (English Version),https://books.apple.com/us/artist/thomas-bleskin/428824569?uo=4,https://books.apple.com/us/audiobook/the-beatles-the-audiostory-english-version/id1425620833?uo=4,https://is1-ssl.mzstatic.com/image/thumb/Music118/v4/7c/47/5d/7c475d46-ba75-0b8d-2017-37f1e349de80/4049324950383_3000.jpg/60x60bb.jpg,https://is1-ssl.mzstatic.com/image/thumb/Music118/v4/7c/47/5d/7c475d46-ba75-0b8d-2017-37f1e349de80/4049324950383_3000.jpg/100x100bb.jpg,9.99,notExplicit,1.0,USA,USD,2012-06-08T07:00:00Z,Biographies & Memoirs,https://audio-ssl.itunes.apple.com/itunes-assets/AudioPreview113/v4/02/a4/08/02a40850-32e1-622c-45f1-f65d85a35a37/mzaf_4635568527853426248.std.aac.p.m4a,"Erleben sie die Erfolgsgeschichte der größten Band aller Zeiten als Hörbuch: Vom ersten Aufeinandertreffen John Lennons mit Paul McCartney bis zur Auflösung der Band 1970 wird die Karriere des Liverpooler Quartetts detailgetreu nachgezeichnet. ""The Beatles - The Audiostory"" wurde eingesprochen von Tony Sheridan, der 1961 mit den Beatles ihre erste Platte aufnahm. Tony Sheridan verstarb am 16.02.2013 im Alter von 72 Jahren.","© 2012 by Lübbe Audio, Bastei Lübbe GmbH & Co. KG, Köln",,,,,,,,,,,,,,,,,,,,,,,,,2860353.0
25,track,315816847.0,696884325.0,Glee Cast,Glee Sings the Beatles,Glee Sings the Beatles,https://music.apple.com/us/artist/glee-cast/315816847?uo=4,https://music.apple.com/us/album/here-comes-the-sun-glee-cast-version-feat-demi-lovato/696884325?i=696885670&uo=4,https://is1-ssl.mzstatic.com/image/thumb/Music124/v4/2a/90/0d/2a900d07-6369-262b-2166-b37c9643d44c/886444201421.jpg/60x60bb.jpg,https://is1-ssl.mzstatic.com/image/thumb/Music124/v4/2a/90/0d/2a900d07-6369-262b-2166-b37c9643d44c/886444201421.jpg/100x100bb.jpg,11.99,notExplicit,14.0,USA,USD,2013-09-24T07:00:00Z,Pop,https://audio-ssl.itunes.apple.com/itunes-assets/AudioPreview125/v4/92/85/24/928524d4-7d63-72c2-1da4-84cfa26d7c2f/mzaf_15111685975508493940.plus.aac.p.m4a,,,song,696885670.0,Here Comes the Sun (Glee Cast Version) [feat. Demi Lovato],Here Comes the Sun (Glee Cast Version) [feat. Demi Lovato],https://music.apple.com/us/album/here-comes-the-sun-glee-cast-version-feat-demi-lovato/696884325?i=696885670&uo=4,https://is1-ssl.mzstatic.com/image/thumb/Music124/v4/2a/90/0d/2a900d07-6369-262b-2166-b37c9643d44c/886444201421.jpg/30x30bb.jpg,1.29,notExplicit,1.0,1.0,10.0,180453.0,True,,,,,,,,,,,,
26,track,136975.0,1441132965.0,The Beatles,The Beatles 1962-1966 (The Red Album),The Beatles 1962-1966 (The Red Album),https://music.apple.com/us/artist/the-beatles/136975?uo=4,https://music.apple.com/us/album/yesterday/1441132965?i=1441133496&uo=4,https://is1-ssl.mzstatic.com/image/thumb/Music122/v4/2a/4a/e6/2a4ae63d-ada7-fa57-6f16-02eebcf72f95/18UMGIM29770.rgb.jpg/60x60bb.jpg,https://is1-ssl.mzstatic.com/image/thumb/Music122/v4/2a/4a/e6/2a4ae63d-ada7-fa57-6f16-02eebcf72f95/18UMGIM29770.rgb.jpg/100x100bb.jpg,19.99,notExplicit,13.0,USA,USD,1965-08-06T12:00:00Z,Rock,https://audio-ssl.itunes.apple.com/itunes-assets/AudioPreview112/v4/1c/67/9a/1c679a61-a1cd-e7ae-9b58-630e595e7b2a/mzaf_12558727020823763101.plus.aac.p.m4a,,,song,1441133496.0,Yesterday,Yesterday,https://music.apple.com/us/album/yesterday/1441132965?i=1441133496&uo=4,https://is1-ssl.mzstatic.com/image/thumb/Music122/v4/2a/4a/e6/2a4ae63d-ada7-fa57-6f16-02eebcf72f95/18UMGIM29770.rgb.jpg/30x30bb.jpg,1.29,notExplicit,2.0,1.0,13.0,123524.0,True,,,,,,,,,,,,
27,track,136975.0,1441133100.0,The Beatles,The Beatles 1967-1970 (The Blue Album),The Beatles 1967-1970 (The Blue Album),https://music.apple.com/us/artist/the-beatles/136975?uo=4,https://music.apple.com/us/album/revolution/1441133100?i=1441133279&uo=4,https://is1-ssl.mzstatic.com/image/thumb/Music126/v4/a6/8b/65/a68b657c-cac6-68e6-3bde-b79d58fbc795/18UMGIM30762.rgb.jpg/60x60bb.jpg,https://is1-ssl.mzstatic.com/image/thumb/Music126/v4/a6/8b/65/a68b657c-cac6-68e6-3bde-b79d58fbc795/18UMGIM30762.rgb.jpg/100x100bb.jpg,19.99,notExplicit,14.0,USA,USD,1968-08-26T12:00:00Z,Rock,https://audio-ssl.itunes.apple.com/itunes-assets/AudioPreview112/v4/29/6d/bc/296dbc4e-e185-5efc-ae23-d6edfbe5f8dc/mzaf_14070914608335113794.plus.aac.p.m4a,,,song,1441133279.0,Revolution,Revolution,https://music.apple.com/us/album/revolution/1441133100?i=1441133279&uo=4,https://is1-ssl.mzstatic.com/image/thumb/Music126/v4/a6/8b/65/a68b657c-cac6-68e6-3bde-b79d58fbc795/18UMGIM30762.rgb.jpg/30x30bb.jpg,1.29,notExplicit,2.0,1.0,14.0,203292.0,True,,,,,,,,,,,,
28,track,136975.0,1441133100.0,The Beatles,The Beatles 1967-1970 (The Blue Album),The Beatles 1967-1970 (The Blue Album),https://music.apple.com/us/artist/the-beatles/136975?uo=4,https://music.apple.com/us/album/dont-let-me-down/1441133100?i=1441133286&uo=4,https://is1-ssl.mzstatic.com/image/thumb/Music126/v4/a6/8b/65/a68b657c-cac6-68e6-3bde-b79d58fbc795/18UMGIM30762.rgb.jpg/60x60bb.jpg,https://is1-ssl.mzstatic.com/image/thumb/Music126/v4/a6/8b/65/a68b657c-cac6-68e6-3bde-b79d58fbc795/18UMGIM30762.rgb.jpg/100x100bb.jpg,19.99,notExplicit,14.0,USA,USD,1969-04-11T12:00:00Z,Rock,https://audio-ssl.itunes.apple.com/itunes-assets/AudioPreview112/v4/96/0c/34/960c34d1-a59e-7bdc-3af1-921da46c5a25/mzaf_13152868044789303291.plus.aac.p.m4a,,,song,1441133286.0,Don't Let Me Down,Don't Let Me Down,https://music.apple.com/us/album/dont-let-me-down/1441133100?i=1441133286&uo=4,https://is1-ssl.mzstatic.com/image/thumb/Music126/v4/a6/8b/65/a68b657c-cac6-68e6-3bde-b79d58fbc795/18UMGIM30762.rgb.jpg/30x30bb.jpg,1.29,notExplicit,2.0,2.0,5.0,215733.0,True,,,,,,,,,,,,
29,track,136975.0,1441133100.0,The Beatles,The Beatles 1967-1970 (The Blue Album),The Beatles 1967-1970 (The Blue Album),https://music.apple.com/us/artist/the-beatles/136975?uo=4,https://music.apple.com/us/album/all-you-need-is-love/1441133100?i=1441133271&uo=4,https://is1-ssl.mzstatic.com/image/thumb/Music126/v4/a6/8b/65/a68b657c-cac6-68e6-3bde-b79d58fbc795/18UMGIM30762.rgb.jpg/60x60bb.jpg,https://is1-ssl.mzstatic.com/image/thumb/Music126/v4/a6/8b/65/a68b657c-cac6-68e6-3bde-b79d58fbc795/18UMGIM30762.rgb.jpg/100x100bb.jpg,19.99,notExplicit,14.0,USA,USD,1967-07-07T12:00:00Z,Rock,https://audio-ssl.itunes.apple.com/itunes-assets/AudioPreview122/v4/9b/09/4a/9b094aac-9cae-8eb7-8b42-2cbc460d3ba0/mzaf_3580879768682121031.plus.aac.p.m4a,,,song,1441133271.0,All You Need Is Love,All You Need Is Love,https://music.apple.com/us/album/all-you-need-is-love/1441133100?i=1441133271&uo=4,https://is1-ssl.mzstatic.com/image/thumb/Music126/v4/a6/8b/65/a68b657c-cac6-68e6-3bde-b79d58fbc795/18UMGIM30762.rgb.jpg/30x30bb.jpg,1.29,notExplicit,2.0,1.0,7.0,228653.0,True,,,,,,,,,,,,
30,track,161662927.0,151027039.0,"Jeff Johnson, John Bishop, John Stowell & Rick Mandyck",Scenes,Scenes,https://music.apple.com/us/artist/jeff-johnson/161662927?uo=4,https://music.apple.com/us/album/the-beatles/151027039?i=151027225&uo=4,https://is1-ssl.mzstatic.com/image/thumb/Music/82/2e/f0/mzi.hyeiejmc.jpg/60x60bb.jpg,https://is1-ssl.mzstatic.com/image/thumb/Music/82/2e/f0/mzi.hyeiejmc.jpg/100x100bb.jpg,7.99,notExplicit,9.0,USA,USD,2001-10-22T12:00:00Z,Jazz,https://audio-ssl.itunes.apple.com/itunes-assets/Music/e4/28/6a/mzm.xkeiufcb.aac.p.m4a,,,song,151027225.0,The Beatles,The Beatles,https://music.apple.com/us/album/the-beatles/151027039?i=151027225&uo=4,https://is1-ssl.mzstatic.com/image/thumb/Music/82/2e/f0/mzi.hyeiejmc.jpg/30x30bb.jpg,0.99,notExplicit,1.0,1.0,5.0,460973.0,True,,,,,,,,,,,,
31,track,12224.0,585701590.0,Paul McCartney,12-12-12 The Concert for Sandy Relief,12-12-12 The Concert for Sandy Relief,https://music.apple.com/us/artist/paul-mccartney/12224?uo=4,https://music.apple.com/us/album/helter-skelter-live/585701590?i=585701990&uo=4,https://is1-ssl.mzstatic.com/image/thumb/Music/v4/27/48/48/27484813-9c9e-92ef-4065-30b9b9012ddb/886443797147.jpg/60x60bb.jpg,https://is1-ssl.mzstatic.com/image/thumb/Music/v4/27/48/48/27484813-9c9e-92ef-4065-30b9b9012ddb/886443797147.jpg/100x100bb.jpg,12.99,notExplicit,24.0,USA,USD,2012-12-18T12:00:00Z,Rock,https://audio-ssl.itunes.apple.com/itunes-assets/AudioPreview125/v4/bd/b4/11/bdb411da-c586-5726-aa5f-2edd73446833/mzaf_10025746148699046898.plus.aac.p.m4a,,,song,585701990.0,Helter Skelter,Helter Skelter (Live),https://music.apple.com/us/album/helter-skelter-live/585701590?i=585701990&uo=4,https://is1-ssl.mzstatic.com/image/thumb/Music/v4/27/48/48/27484813-9c9e-92ef-4065-30b9b9012ddb/886443797147.jpg/30x30bb.jpg,-1.0,notExplicit,1.0,1.0,23.0,250293.0,False,4035426.0,,,,,,,,,,Various Artists,
32,track,136975.0,1441133100.0,The Beatles,The Beatles 1967-1970 (The Blue Album),The Beatles 1967-1970 (The Blue Album),https://music.apple.com/us/artist/the-beatles/136975?uo=4,https://music.apple.com/us/album/here-comes-the-sun/1441133100?i=1441133289&uo=4,https://is1-ssl.mzstatic.com/image/thumb/Music126/v4/a6/8b/65/a68b657c-cac6-68e6-3bde-b79d58fbc795/18UMGIM30762.rgb.jpg/60x60bb.jpg,https://is1-ssl.mzstatic.com/image/thumb/Music126/v4/a6/8b/65/a68b657c-cac6-68e6-3bde-b79d58fbc795/18UMGIM30762.rgb.jpg/100x100bb.jpg,19.99,notExplicit,14.0,USA,USD,1969-09-26T12:00:00Z,Rock,https://audio-ssl.itunes.apple.com/itunes-assets/AudioPreview122/v4/fc/48/8d/fc488dd1-c613-6552-5a34-617cb27884c4/mzaf_2454122422703847959.plus.aac.p.m4a,,,song,1441133289.0,Here Comes the Sun,Here Comes the Sun,https://music.apple.com/us/album/here-comes-the-sun/1441133100?i=1441133289&uo=4,https://is1-ssl.mzstatic.com/image/thumb/Music126/v4/a6/8b/65/a68b657c-cac6-68e6-3bde-b79d58fbc795/18UMGIM30762.rgb.jpg/30x30bb.jpg,1.29,notExplicit,2.0,2.0,8.0,187373.0,True,,,,,,,,,,,,
33,track,136975.0,1441133100.0,The Beatles,The Beatles 1967-1970 (The Blue Album),The Beatles 1967-1970 (The Blue Album),https://music.apple.com/us/artist/the-beatles/136975?uo=4,https://music.apple.com/us/album/strawberry-fields-forever/1441133100?i=1441133101&uo=4,https://is1-ssl.mzstatic.com/image/thumb/Music126/v4/a6/8b/65/a68b657c-cac6-68e6-3bde-b79d58fbc795/18UMGIM30762.rgb.jpg/60x60bb.jpg,https://is1-ssl.mzstatic.com/image/thumb/Music126/v4/a6/8b/65/a68b657c-cac6-68e6-3bde-b79d58fbc795/18UMGIM30762.rgb.jpg/100x100bb.jpg,19.99,notExplicit,14.0,USA,USD,1967-02-13T12:00:00Z,Rock,https://audio-ssl.itunes.apple.com/itunes-assets/AudioPreview122/v4/e9/25/ec/e925ecac-094b-6e6f-ac31-cd150e8ff08e/mzaf_4051617625860611575.plus.aac.p.m4a,,,song,1441133101.0,Strawberry Fields Forever,Strawberry Fields Forever,https://music.apple.com/us/album/strawberry-fields-forever/1441133100?i=1441133101&uo=4,https://is1-ssl.mzstatic.com/image/thumb/Music126/v4/a6/8b/65/a68b657c-cac6-68e6-3bde-b79d58fbc795/18UMGIM30762.rgb.jpg/30x30bb.jpg,1.29,notExplicit,2.0,1.0,1.0,247933.0,True,,,,,,,,,,,,
34,track,,,Richard Lester,,,,,https://is1-ssl.mzstatic.com/image/thumb/Video1/v4/c9/76/c3/c976c370-c7fb-0da8-1834-7a300aa75ae1/HARD_DAYS_NIGHT.jpg/60x60bb.jpg,https://is1-ssl.mzstatic.com/image/thumb/Video1/v4/c9/76/c3/c976c370-c7fb-0da8-1834-7a300aa75ae1/HARD_DAYS_NIGHT.jpg/100x100bb.jpg,14.99,notExplicit,,USA,USD,1964-08-11T07:00:00Z,Music Feature Films,https://video-ssl.itunes.apple.com/itunes-assets/Video122/v4/06/b6/e7/06b6e794-da6e-143c-59fe-ed5e82524756/mzvf_3114600386519638962.640x480.h264lc.U.p.m4v,,,feature-movie,859511899.0,A Hard Day's Night,A Hard Day's Night,https://itunes.apple.com/us/movie/a-hard-days-night/id859511899?uo=4,https://is1-ssl.mzstatic.com/image/thumb/Video1/v4/c9/76/c3/c976c370-c7fb-0da8-1834-7a300aa75ae1/HARD_DAYS_NIGHT.jpg/30x30bb.jpg,14.99,notExplicit,,,,5252293.0,,,,3.99,14.99,14.99,3.99,NR,Meet the Beatles! Just one month after they exploded onto the U.S. scene with their Ed Sullivan Show,"Meet the Beatles! Just one month after they exploded onto the U.S. scene with their Ed Sullivan Show appearance, John, Paul, George, and Ringo began working on a project that would bring their revolutionary talent to the big screen. A Hard Day’s Night, in which the bandmates play wily, exuberant versions of themselves, captured the astonishing moment when they officially became the singular, irreverent idols of their generation and changed music forever. Directed with raucous, anything-goes verve by Richard Lester and featuring a slew of iconic pop anthems, including the title track, “Can’t Buy Me Love,” “I Should Have Known Better,” and “If I Fell,” A Hard Day’s Night, which reconceived the movie musical and exerted an incalculable influence on the music video, is one of the most deliriously entertaining movies of all time. New 4K digital restoration, approved by director Richard Lester, and 5.1 surround mix supervised by sound producers Giles Martin and Sam Okell at Abbey Road Studios.",,,
35,track,315816847.0,696884325.0,Glee Cast,Glee Sings the Beatles,Glee Sings the Beatles,https://music.apple.com/us/artist/glee-cast/315816847?uo=4,https://music.apple.com/us/album/let-it-be-glee-cast-version/696884325?i=696885748&uo=4,https://is1-ssl.mzstatic.com/image/thumb/Music124/v4/2a/90/0d/2a900d07-6369-262b-2166-b37c9643d44c/886444201421.jpg/60x60bb.jpg,https://is1-ssl.mzstatic.com/image/thumb/Music124/v4/2a/90/0d/2a900d07-6369-262b-2166-b37c9643d44c/886444201421.jpg/100x100bb.jpg,11.99,notExplicit,14.0,USA,USD,2013-09-24T07:00:00Z,Pop,https://audio-ssl.itunes.apple.com/itunes-assets/AudioPreview115/v4/59/7e/a9/597ea9df-3c24-008f-42f1-c5d80613cd70/mzaf_5612244353157681086.plus.aac.p.m4a,,,song,696885748.0,Let It Be (Glee Cast Version),Let It Be (Glee Cast Version),https://music.apple.com/us/album/let-it-be-glee-cast-version/696884325?i=696885748&uo=4,https://is1-ssl.mzstatic.com/image/thumb/Music124/v4/2a/90/0d/2a900d07-6369-262b-2166-b37c9643d44c/886444201421.jpg/30x30bb.jpg,1.29,notExplicit,1.0,1.0,14.0,243013.0,True,,,,,,,,,,,,
36,track,315816847.0,696884325.0,Glee Cast,Glee Sings the Beatles,Glee Sings the Beatles,https://music.apple.com/us/artist/glee-cast/315816847?uo=4,https://music.apple.com/us/album/yesterday-glee-cast-version/696884325?i=696884936&uo=4,https://is1-ssl.mzstatic.com/image/thumb/Music124/v4/2a/90/0d/2a900d07-6369-262b-2166-b37c9643d44c/886444201421.jpg/60x60bb.jpg,https://is1-ssl.mzstatic.com/image/thumb/Music124/v4/2a/90/0d/2a900d07-6369-262b-2166-b37c9643d44c/886444201421.jpg/100x100bb.jpg,11.99,notExplicit,14.0,USA,USD,2013-09-24T07:00:00Z,Pop,https://audio-ssl.itunes.apple.com/itunes-assets/AudioPreview115/v4/96/7d/d2/967dd276-6262-9944-530c-a5b7ca387d47/mzaf_16790656928448634434.plus.aac.p.m4a,,,song,696884936.0,Yesterday (Glee Cast Version),Yesterday (Glee Cast Version),https://music.apple.com/us/album/yesterday-glee-cast-version/696884325?i=696884936&uo=4,https://is1-ssl.mzstatic.com/image/thumb/Music124/v4/2a/90/0d/2a900d07-6369-262b-2166-b37c9643d44c/886444201421.jpg/30x30bb.jpg,1.29,notExplicit,1.0,1.0,1.0,153720.0,True,,,,,,,,,,,,
37,track,136975.0,1441133100.0,The Beatles,The Beatles 1967-1970 (The Blue Album),The Beatles 1967-1970 (The Blue Album),https://music.apple.com/us/artist/the-beatles/136975?uo=4,https://music.apple.com/us/album/let-it-be/1441133100?i=1441133505&uo=4,https://is1-ssl.mzstatic.com/image/thumb/Music126/v4/a6/8b/65/a68b657c-cac6-68e6-3bde-b79d58fbc795/18UMGIM30762.rgb.jpg/60x60bb.jpg,https://is1-ssl.mzstatic.com/image/thumb/Music126/v4/a6/8b/65/a68b657c-cac6-68e6-3bde-b79d58fbc795/18UMGIM30762.rgb.jpg/100x100bb.jpg,19.99,notExplicit,14.0,USA,USD,1970-03-06T12:00:00Z,Rock,https://audio-ssl.itunes.apple.com/itunes-assets/AudioPreview112/v4/68/43/df/6843df57-c882-fc6d-e98e-208aa6aba4d8/mzaf_14469217348904124446.plus.aac.p.m4a,,,song,1441133505.0,Let It Be,Let It Be,https://music.apple.com/us/album/let-it-be/1441133100?i=1441133505&uo=4,https://is1-ssl.mzstatic.com/image/thumb/Music126/v4/a6/8b/65/a68b657c-cac6-68e6-3bde-b79d58fbc795/18UMGIM30762.rgb.jpg/30x30bb.jpg,1.29,notExplicit,2.0,2.0,12.0,232373.0,True,,,,,,,,,,,,
38,track,136975.0,1441133180.0,The Beatles,The Beatles (The White Album),The Beatles (The White Album),https://music.apple.com/us/artist/the-beatles/136975?uo=4,https://music.apple.com/us/album/back-in-the-u-s-s-r/1441133180?i=1441133197&uo=4,https://is1-ssl.mzstatic.com/image/thumb/Music115/v4/fa/5b/89/fa5b898d-bad6-e053-4195-260e5c74f2bb/00602567725466.rgb.jpg/60x60bb.jpg,https://is1-ssl.mzstatic.com/image/thumb/Music115/v4/fa/5b/89/fa5b898d-bad6-e053-4195-260e5c74f2bb/00602567725466.rgb.jpg/100x100bb.jpg,19.99,notExplicit,17.0,USA,USD,1968-11-22T12:00:00Z,Pop,https://audio-ssl.itunes.apple.com/itunes-assets/AudioPreview115/v4/92/db/7e/92db7eb0-73df-11a5-c0f8-3c09b49ba10d/mzaf_12637010066616668216.plus.aac.p.m4a,,,song,1441133197.0,Back In the U.S.S.R.,Back In the U.S.S.R.,https://music.apple.com/us/album/back-in-the-u-s-s-r/1441133180?i=1441133197&uo=4,https://is1-ssl.mzstatic.com/image/thumb/Music115/v4/fa/5b/89/fa5b898d-bad6-e053-4195-260e5c74f2bb/00602567725466.rgb.jpg/30x30bb.jpg,1.29,notExplicit,3.0,1.0,1.0,162453.0,True,,,,,,,,,,,,
39,track,136975.0,1441133100.0,The Beatles,The Beatles 1967-1970 (The Blue Album),The Beatles 1967-1970 (The Blue Album),https://music.apple.com/us/artist/the-beatles/136975?uo=4,https://music.apple.com/us/album/ob-la-di-ob-la-da/1441133100?i=1441133282&uo=4,https://is1-ssl.mzstatic.com/image/thumb/Music126/v4/a6/8b/65/a68b657c-cac6-68e6-3bde-b79d58fbc795/18UMGIM30762.rgb.jpg/60x60bb.jpg,https://is1-ssl.mzstatic.com/image/thumb/Music126/v4/a6/8b/65/a68b657c-cac6-68e6-3bde-b79d58fbc795/18UMGIM30762.rgb.jpg/100x100bb.jpg,19.99,notExplicit,14.0,USA,USD,1968-11-22T12:00:00Z,Rock,https://audio-ssl.itunes.apple.com/itunes-assets/AudioPreview112/v4/2d/40/c7/2d40c70a-50a6-b72a-bc19-8a39edfb188b/mzaf_9977771247321306386.plus.aac.p.m4a,,,song,1441133282.0,"Ob-La-Di, Ob-La-Da","Ob-La-Di, Ob-La-Da",https://music.apple.com/us/album/ob-la-di-ob-la-da/1441133100?i=1441133282&uo=4,https://is1-ssl.mzstatic.com/image/thumb/Music126/v4/a6/8b/65/a68b657c-cac6-68e6-3bde-b79d58fbc795/18UMGIM30762.rgb.jpg/30x30bb.jpg,1.29,notExplicit,2.0,2.0,3.0,191387.0,True,,,,,,,,,,,,
40,track,136975.0,1441133180.0,The Beatles,The Beatles (The White Album),The Beatles (The White Album),https://music.apple.com/us/artist/the-beatles/136975?uo=4,https://music.apple.com/us/album/i-will/1441133180?i=1441133910&uo=4,https://is1-ssl.mzstatic.com/image/thumb/Music115/v4/fa/5b/89/fa5b898d-bad6-e053-4195-260e5c74f2bb/00602567725466.rgb.jpg/60x60bb.jpg,https://is1-ssl.mzstatic.com/image/thumb/Music115/v4/fa/5b/89/fa5b898d-bad6-e053-4195-260e5c74f2bb/00602567725466.rgb.jpg/100x100bb.jpg,19.99,notExplicit,17.0,USA,USD,1968-11-22T12:00:00Z,Rock,https://audio-ssl.itunes.apple.com/itunes-assets/AudioPreview115/v4/5f/f1/32/5ff13279-7003-5906-00a4-2ee6695e366e/mzaf_8537106126305816357.plus.aac.p.m4a,,,song,1441133910.0,I Will,I Will,https://music.apple.com/us/album/i-will/1441133180?i=1441133910&uo=4,https://is1-ssl.mzstatic.com/image/thumb/Music115/v4/fa/5b/89/fa5b898d-bad6-e053-4195-260e5c74f2bb/00602567725466.rgb.jpg/30x30bb.jpg,1.29,notExplicit,3.0,1.0,16.0,105933.0,True,,,,,,,,,,,,
41,track,136975.0,1441133100.0,The Beatles,The Beatles 1967-1970 (The Blue Album),The Beatles 1967-1970 (The Blue Album),https://music.apple.com/us/artist/the-beatles/136975?uo=4,https://music.apple.com/us/album/penny-lane/1441133100?i=1441133102&uo=4,https://is1-ssl.mzstatic.com/image/thumb/Music126/v4/a6/8b/65/a68b657c-cac6-68e6-3bde-b79d58fbc795/18UMGIM30762.rgb.jpg/60x60bb.jpg,https://is1-ssl.mzstatic.com/image/thumb/Music126/v4/a6/8b/65/a68b657c-cac6-68e6-3bde-b79d58fbc795/18UMGIM30762.rgb.jpg/100x100bb.jpg,19.99,notExplicit,14.0,USA,USD,1967-02-13T12:00:00Z,Rock,https://audio-ssl.itunes.apple.com/itunes-assets/AudioPreview112/v4/20/41/e4/2041e4db-feee-1bec-20a3-58602519f6c3/mzaf_7549326570517214448.plus.aac.p.m4a,,,song,1441133102.0,Penny Lane,Penny Lane,https://music.apple.com/us/album/penny-lane/1441133100?i=1441133102&uo=4,https://is1-ssl.mzstatic.com/image/thumb/Music126/v4/a6/8b/65/a68b657c-cac6-68e6-3bde-b79d58fbc795/18UMGIM30762.rgb.jpg/30x30bb.jpg,1.29,notExplicit,2.0,1.0,2.0,181600.0,True,,,,,,,,,,,,
42,track,136975.0,1441133180.0,The Beatles,The Beatles (The White Album),The Beatles (The White Album),https://music.apple.com/us/artist/the-beatles/136975?uo=4,https://music.apple.com/us/album/rocky-raccoon/1441133180?i=1441133857&uo=4,https://is1-ssl.mzstatic.com/image/thumb/Music115/v4/fa/5b/89/fa5b898d-bad6-e053-4195-260e5c74f2bb/00602567725466.rgb.jpg/60x60bb.jpg,https://is1-ssl.mzstatic.com/image/thumb/Music115/v4/fa/5b/89/fa5b898d-bad6-e053-4195-260e5c74f2bb/00602567725466.rgb.jpg/100x100bb.jpg,19.99,notExplicit,17.0,USA,USD,1968-11-22T12:00:00Z,Rock,https://audio-ssl.itunes.apple.com/itunes-assets/AudioPreview125/v4/67/d5/56/67d5563f-1636-8d19-fd6a-451dddcd2929/mzaf_15933613684822892611.plus.aac.p.m4a,,,song,1441133857.0,Rocky Raccoon,Rocky Raccoon,https://music.apple.com/us/album/rocky-raccoon/1441133180?i=1441133857&uo=4,https://is1-ssl.mzstatic.com/image/thumb/Music115/v4/fa/5b/89/fa5b898d-bad6-e053-4195-260e5c74f2bb/00602567725466.rgb.jpg/30x30bb.jpg,1.29,notExplicit,3.0,1.0,13.0,213107.0,True,,,,,,,,,,,,
43,track,136975.0,1441133180.0,The Beatles,The Beatles (The White Album),The Beatles (The White Album),https://music.apple.com/us/artist/the-beatles/136975?uo=4,https://music.apple.com/us/album/dear-prudence/1441133180?i=1441133428&uo=4,https://is1-ssl.mzstatic.com/image/thumb/Music115/v4/fa/5b/89/fa5b898d-bad6-e053-4195-260e5c74f2bb/00602567725466.rgb.jpg/60x60bb.jpg,https://is1-ssl.mzstatic.com/image/thumb/Music115/v4/fa/5b/89/fa5b898d-bad6-e053-4195-260e5c74f2bb/00602567725466.rgb.jpg/100x100bb.jpg,19.99,notExplicit,17.0,USA,USD,1968-11-22T12:00:00Z,Pop,https://audio-ssl.itunes.apple.com/itunes-assets/AudioPreview115/v4/88/1c/72/881c723e-9bd5-0619-c803-4022e4da642a/mzaf_2961717660523968849.plus.aac.p.m4a,,,song,1441133428.0,Dear Prudence,Dear Prudence,https://music.apple.com/us/album/dear-prudence/1441133180?i=1441133428&uo=4,https://is1-ssl.mzstatic.com/image/thumb/Music115/v4/fa/5b/89/fa5b898d-bad6-e053-4195-260e5c74f2bb/00602567725466.rgb.jpg/30x30bb.jpg,1.29,notExplicit,3.0,1.0,2.0,235773.0,True,,,,,,,,,,,,
44,track,136975.0,1441132965.0,The Beatles,The Beatles 1962-1966 (The Red Album),The Beatles 1962-1966 (The Red Album),https://music.apple.com/us/artist/the-beatles/136975?uo=4,https://music.apple.com/us/album/in-my-life/1441132965?i=1441134004&uo=4,https://is1-ssl.mzstatic.com/image/thumb/Music122/v4/2a/4a/e6/2a4ae63d-ada7-fa57-6f16-02eebcf72f95/18UMGIM29770.rgb.jpg/60x60bb.jpg,https://is1-ssl.mzstatic.com/image/thumb/Music122/v4/2a/4a/e6/2a4ae63d-ada7-fa57-6f16-02eebcf72f95/18UMGIM29770.rgb.jpg/100x100bb.jpg,19.99,notExplicit,13.0,USA,USD,1965-12-03T12:00:00Z,Rock,https://audio-ssl.itunes.apple.com/itunes-assets/AudioPreview122/v4/8a/60/26/8a6026b7-e32d-740d-e9b5-ea2bab771877/mzaf_12260095417219481077.plus.aac.p.m4a,,,song,1441134004.0,In My Life,In My Life,https://music.apple.com/us/album/in-my-life/1441132965?i=1441134004&uo=4,https://is1-ssl.mzstatic.com/image/thumb/Music122/v4/2a/4a/e6/2a4ae63d-ada7-fa57-6f16-02eebcf72f95/18UMGIM29770.rgb.jpg/30x30bb.jpg,1.29,notExplicit,2.0,2.0,9.0,147227.0,True,,,,,,,,,,,,
45,track,136975.0,1441133100.0,The Beatles,The Beatles 1967-1970 (The Blue Album),The Beatles 1967-1970 (The Blue Album),https://music.apple.com/us/artist/the-beatles/136975?uo=4,https://music.apple.com/us/album/come-together/1441133100?i=1441133290&uo=4,https://is1-ssl.mzstatic.com/image/thumb/Music126/v4/a6/8b/65/a68b657c-cac6-68e6-3bde-b79d58fbc795/18UMGIM30762.rgb.jpg/60x60bb.jpg,https://is1-ssl.mzstatic.com/image/thumb/Music126/v4/a6/8b/65/a68b657c-cac6-68e6-3bde-b79d58fbc795/18UMGIM30762.rgb.jpg/100x100bb.jpg,19.99,notExplicit,14.0,USA,USD,1969-09-26T12:00:00Z,Rock,https://audio-ssl.itunes.apple.com/itunes-assets/AudioPreview122/v4/cf/bf/a5/cfbfa5cd-9b91-d422-2eb5-6511858667ce/mzaf_2661120108743323607.plus.aac.p.m4a,,,song,1441133290.0,Come Together,Come Together,https://music.apple.com/us/album/come-together/1441133100?i=1441133290&uo=4,https://is1-ssl.mzstatic.com/image/thumb/Music126/v4/a6/8b/65/a68b657c-cac6-68e6-3bde-b79d58fbc795/18UMGIM30762.rgb.jpg/30x30bb.jpg,1.29,notExplicit,2.0,2.0,9.0,259667.0,True,,,,,,,,,,,,
46,track,136975.0,1441133180.0,The Beatles,The Beatles (The White Album),The Beatles (The White Album),https://music.apple.com/us/artist/the-beatles/136975?uo=4,https://music.apple.com/us/album/helter-skelter/1441133180?i=1441134207&uo=4,https://is1-ssl.mzstatic.com/image/thumb/Music115/v4/fa/5b/89/fa5b898d-bad6-e053-4195-260e5c74f2bb/00602567725466.rgb.jpg/60x60bb.jpg,https://is1-ssl.mzstatic.com/image/thumb/Music115/v4/fa/5b/89/fa5b898d-bad6-e053-4195-260e5c74f2bb/00602567725466.rgb.jpg/100x100bb.jpg,19.99,notExplicit,13.0,USA,USD,1968-11-22T12:00:00Z,Rock,https://audio-ssl.itunes.apple.com/itunes-assets/AudioPreview115/v4/7f/b2/18/7fb218e8-a685-34e1-2e3e-47bd8363fe39/mzaf_8246299374262626688.plus.aac.p.m4a,,,song,1441134207.0,Helter Skelter,Helter Skelter,https://music.apple.com/us/album/helter-skelter/1441133180?i=1441134207&uo=4,https://is1-ssl.mzstatic.com/image/thumb/Music115/v4/fa/5b/89/fa5b898d-bad6-e053-4195-260e5c74f2bb/00602567725466.rgb.jpg/30x30bb.jpg,1.29,notExplicit,3.0,2.0,6.0,269787.0,True,,,,,,,,,,,,
47,track,136975.0,1441133100.0,The Beatles & Billy Preston,The Beatles 1967-1970 (The Blue Album),The Beatles 1967-1970 (The Blue Album),https://music.apple.com/us/artist/the-beatles/136975?uo=4,https://music.apple.com/us/album/get-back/1441133100?i=1441133283&uo=4,https://is1-ssl.mzstatic.com/image/thumb/Music126/v4/a6/8b/65/a68b657c-cac6-68e6-3bde-b79d58fbc795/18UMGIM30762.rgb.jpg/60x60bb.jpg,https://is1-ssl.mzstatic.com/image/thumb/Music126/v4/a6/8b/65/a68b657c-cac6-68e6-3bde-b79d58fbc795/18UMGIM30762.rgb.jpg/100x100bb.jpg,19.99,notExplicit,14.0,USA,USD,1969-04-11T12:00:00Z,Pop,https://audio-ssl.itunes.apple.com/itunes-assets/AudioPreview112/v4/f6/ff/55/f6ff552d-d7a9-130b-aa0e-9996bb1d0321/mzaf_61089697969510047.plus.aac.p.m4a,,,song,1441133283.0,Get Back,Get Back,https://music.apple.com/us/album/get-back/1441133100?i=1441133283&uo=4,https://is1-ssl.mzstatic.com/image/thumb/Music126/v4/a6/8b/65/a68b657c-cac6-68e6-3bde-b79d58fbc795/18UMGIM30762.rgb.jpg/30x30bb.jpg,1.29,notExplicit,2.0,2.0,4.0,192667.0,True,,,,,,,,,,,The Beatles,
48,track,136975.0,1441133100.0,The Beatles,The Beatles 1967-1970 (The Blue Album),The Beatles 1967-1970 (The Blue Album),https://music.apple.com/us/artist/the-beatles/136975?uo=4,https://music.apple.com/us/album/i-am-the-walrus/1441133100?i=1441133272&uo=4,https://is1-ssl.mzstatic.com/image/thumb/Music126/v4/a6/8b/65/a68b657c-cac6-68e6-3bde-b79d58fbc795/18UMGIM30762.rgb.jpg/60x60bb.jpg,https://is1-ssl.mzstatic.com/image/thumb/Music126/v4/a6/8b/65/a68b657c-cac6-68e6-3bde-b79d58fbc795/18UMGIM30762.rgb.jpg/100x100bb.jpg,19.99,notExplicit,14.0,USA,USD,1967-11-24T12:00:00Z,Rock,https://audio-ssl.itunes.apple.com/itunes-assets/AudioPreview112/v4/4e/73/2b/4e732b88-244b-83ba-7f9f-0e61ab51eb32/mzaf_2149187434989525995.plus.aac.p.m4a,,,song,1441133272.0,I Am the Walrus,I Am the Walrus,https://music.apple.com/us/album/i-am-the-walrus/1441133100?i=1441133272&uo=4,https://is1-ssl.mzstatic.com/image/thumb/Music126/v4/a6/8b/65/a68b657c-cac6-68e6-3bde-b79d58fbc795/18UMGIM30762.rgb.jpg/30x30bb.jpg,1.29,notExplicit,2.0,1.0,8.0,275680.0,True,,,,,,,,,,,,
49,track,136975.0,1441133100.0,The Beatles,The Beatles 1967-1970 (The Blue Album),The Beatles 1967-1970 (The Blue Album),https://music.apple.com/us/artist/the-beatles/136975?uo=4,https://music.apple.com/us/album/the-long-and-winding-road/1441133100?i=1441133507&uo=4,https://is1-ssl.mzstatic.com/image/thumb/Music126/v4/a6/8b/65/a68b657c-cac6-68e6-3bde-b79d58fbc795/18UMGIM30762.rgb.jpg/60x60bb.jpg,https://is1-ssl.mzstatic.com/image/thumb/Music126/v4/a6/8b/65/a68b657c-cac6-68e6-3bde-b79d58fbc795/18UMGIM30762.rgb.jpg/100x100bb.jpg,19.99,notExplicit,14.0,USA,USD,1970-05-08T12:00:00Z,Rock,https://audio-ssl.itunes.apple.com/itunes-assets/AudioPreview122/v4/b0/0f/34/b00f3464-d148-5a79-ec77-ba5a3b6f778a/mzaf_17210354595773867525.plus.aac.p.m4a,,,song,1441133507.0,The Long and Winding Road,The Long and Winding Road,https://music.apple.com/us/album/the-long-and-winding-road/1441133100?i=1441133507&uo=4,https://is1-ssl.mzstatic.com/image/thumb/Music126/v4/a6/8b/65/a68b657c-cac6-68e6-3bde-b79d58fbc795/18UMGIM30762.rgb.jpg/30x30bb.jpg,1.29,notExplicit,2.0,2.0,14.0,218262.0,True,,,,,,,,,,,,
